{"sensorId":"10","data3d":{"x":7.227179050445557,"y":45.873573303222656,"z":2.3574514389038086}}